TradeID,Status
TRD0001,PASS
TRD0002,PASS
TRD0003,PASS
TRD0004,PASS
TRD0005,PASS
TRD0006,PASS
TRD0007,PASS
TRD0008,PASS
TRD0009,PASS
TRD0010,PASS
TRD0011,PASS
TRD0012,PASS
TRD0013,PASS
TRD0014,PASS
TRD0015,PASS
TRD0016,PASS
TRD0017,PASS
TRD0018,PASS
TRD0019,PASS
TRD0020,PASS
TRD0021,PASS
TRD0022,PASS
TRD0023,PASS
TRD0024,PASS
TRD0025,PASS
TRD0026,PASS
TRD0027,PASS
TRD0028,PASS
TRD0029,PASS
TRD0030,PASS
TRD0031,PASS
TRD0032,PASS
TRD0033,PASS
TRD0034,PASS
TRD0035,PASS
TRD0036,PASS
TRD0037,PASS
TRD0038,PASS
TRD0039,PASS
TRD0040,PASS
TRD0041,PASS
TRD0042,PASS
TRD0043,PASS
TRD0044,PASS
TRD0045,PASS
TRD0046,PASS
TRD0047,PASS
TRD0048,PASS
TRD0049,PASS
TRD0050,PASS
TRD0051,PASS
TRD0052,PASS
TRD0053,PASS
TRD0054,PASS
TRD0055,PASS
TRD0056,PASS
TRD0057,PASS
TRD0058,PASS
TRD0059,PASS
TRD0060,PASS
TRD0061,PASS
TRD0062,PASS
TRD0063,PASS
TRD0064,PASS
TRD0065,PASS
TRD0066,PASS
TRD0067,PASS
TRD0068,PASS
TRD0069,PASS
TRD0070,PASS
TRD0071,PASS
TRD0072,PASS
TRD0073,PASS
TRD0074,PASS
TRD0075,PASS
TRD0076,PASS
TRD0077,PASS
TRD0078,PASS
TRD0079,PASS
TRD0080,PASS
TRD0081,PASS
TRD0082,PASS
TRD0083,PASS
TRD0084,PASS
TRD0085,PASS
TRD0086,PASS
TRD0087,PASS
TRD0088,PASS
TRD0089,PASS
TRD0090,PASS
TRD0091,PASS
TRD0092,PASS
TRD0093,PASS
TRD0094,PASS
TRD0095,PASS
TRD0096,PASS
TRD0097,PASS
TRD0098,PASS
TRD0099,PASS
TRD0100,PASS
TRD0101,PASS
TRD0102,PASS
TRD0103,PASS
TRD0104,PASS
TRD0105,PASS
TRD0106,PASS
TRD0107,PASS
TRD0108,PASS
TRD0109,PASS
TRD0110,PASS
TRD0111,PASS
TRD0112,PASS
TRD0113,PASS
TRD0114,PASS
TRD0115,PASS
TRD0116,PASS
TRD0117,PASS
TRD0118,PASS
TRD0119,PASS
TRD0120,PASS
TRD0121,PASS
TRD0122,PASS
TRD0123,PASS
TRD0124,PASS
TRD0125,PASS
TRD0126,PASS
TRD0127,PASS
TRD0128,PASS
TRD0129,PASS
TRD0130,PASS
TRD0131,PASS
TRD0132,PASS
TRD0133,PASS
TRD0134,PASS
TRD0135,PASS
TRD0136,PASS
TRD0137,PASS
TRD0138,PASS
TRD0139,PASS
TRD0140,PASS
TRD0141,PASS
TRD0142,PASS
TRD0143,PASS
TRD0144,PASS
TRD0145,PASS
TRD0146,PASS
TRD0147,PASS
TRD0148,PASS
TRD0149,PASS
TRD0150,PASS
TRD0151,PASS
TRD0152,PASS
TRD0153,PASS
TRD0154,PASS
TRD0155,PASS
TRD0156,PASS
TRD0157,PASS
TRD0158,PASS
TRD0159,PASS
TRD0160,PASS
TRD0161,PASS
TRD0162,PASS
TRD0163,PASS
TRD0164,PASS
TRD0165,PASS
TRD0166,PASS
TRD0167,PASS
TRD0168,PASS
TRD0169,PASS
TRD0170,PASS
TRD0171,PASS
TRD0172,PASS
TRD0173,PASS
TRD0174,PASS
TRD0175,PASS
TRD0176,PASS
TRD0177,PASS
TRD0178,PASS
TRD0179,PASS
TRD0180,PASS
TRD0181,PASS
TRD0182,PASS
TRD0183,PASS
TRD0184,PASS
TRD0185,PASS
TRD0186,PASS
TRD0187,PASS
TRD0188,PASS
TRD0189,PASS
TRD0190,PASS
TRD0191,PASS
TRD0192,PASS
TRD0193,PASS
TRD0194,PASS
TRD0195,PASS
TRD0196,PASS
TRD0197,PASS
TRD0198,PASS
TRD0199,PASS
TRD0200,PASS
