TradeID,UTI,UPI,ActionType,EventDate,ExecutionTimestamp,ProductType,AssetClass,Counterparty1LEI,Counterparty2LEI,NotionalAmount,Currency,MaturityDate,ClearingObligation,Cleared,ReportingTimestamp
VAR3-R001-PASS,213800MELBOURNEF481003,IRSFIXFLT001,NEWT,2026-12-08,2026-12-08T09:00:00Z,Swap,IR,213800MELBOURNEFI001,549300TOKYOBANKCORP1,759500,USD,2031-12-07,Y,Y,2026-12-08T09:30:00Z
VAR3-R001-FAIL,bad#uti!,IRSFIXFLT001,NEWT,2026-12-09,2026-12-09T09:00:00Z,Swap,IR,213800MELBOURNEFI001,549300TOKYOBANKCORP1,759500,USD,2031-12-08,Y,Y,2026-12-09T09:30:00Z
VAR3-R002-PASS,213800MELBOURNEF481009,IRSFIXFLT001,NEWT,2026-12-10,2026-12-10T09:00:00Z,Swap,IR,213800MELBOURNEFI001,549300TOKYOBANKCORP1,769000,USD,2031-12-09,Y,Y,2026-12-10T09:30:00Z
VAR3-R002-FAIL,short1,IRSFIXFLT001,NEWT,2026-12-11,2026-12-11T09:00:00Z,Swap,IR,213800MELBOURNEFI001,549300TOKYOBANKCORP1,769000,USD,2031-12-10,Y,Y,2026-12-11T09:30:00Z
VAR3-R003-PASS,213800MELBOURNEF481015,IRSOISUSD001,NEWT,2026-12-14,2026-12-14T09:00:00Z,Swap,IR,213800MELBOURNEFI001,549300TOKYOBANKCORP1,778500,USD,2031-12-13,Y,Y,2026-12-14T09:30:00Z
VAR3-R003-FAIL,213800MELBOURNEF481018,IRSOISUSD001,NEWT,2026-12-15,2026-12-15T09:00:00Z,Swap,IR,969500UNKNOWNLEI0377,549300TOKYOBANKCORP1,778500,USD,2031-12-14,Y,Y,2026-12-15T09:30:00Z
VAR3-R004-PASS,213800MELBOURNEF481021,IRSFIXFLT001,NEWT,2026-12-16,2026-12-16T09:00:00Z,Swap,IR,213800MELBOURNEFI001,549300TOKYOBANKCORP1,788000,USD,2031-12-15,Y,Y,2026-12-16T09:30:00Z
VAR3-R004-FAIL,213800MELBOURNEF481024,IRSFIXFLT001,NEWT,2026-12-17,2026-12-17T09:00:00Z,Swap,IR,213800MELBOURNEFI001,INVALIDLEI0000000099,788000,USD,2031-12-16,Y,Y,2026-12-17T09:30:00Z
VAR3-R005-PASS,213800MELBOURNEF481027,IRSFIXFLT001,NEWT,2026-12-18,2026-12-18T09:00:00Z,Swap,IR,213800MELBOURNEFI001,549300TOKYOBANKCORP1,797500,USD,2031-12-17,Y,Y,2026-12-18T09:30:00Z
VAR3-R005-FAIL,213800MELBOURNEF481030,IRSFIXFLT001,NEWT,2026-12-21,2026-12-21T09:00:00Z,Swap,IR,213800MELBOURNEFI001,549300TOKYOBANKCORP1,-797500,USD,2031-12-20,Y,Y,2026-12-21T09:30:00Z
VAR3-R006-PASS,213800MELBOURNEF481033,IRSOISUSD001,NEWT,2026-12-22,2026-12-22T09:00:00Z,Swap,IR,213800MELBOURNEFI001,549300TOKYOBANKCORP1,807000,USD,2031-12-21,Y,Y,2026-12-22T09:30:00Z
VAR3-R006-FAIL,213800MELBOURNEF481036,IRSOISUSD001,NEWT,2026-12-23,2026-12-23T09:00:00Z,Swap,IR,213800MELBOURNEFI001,549300TOKYOBANKCORP1,807000,DEM,2031-12-22,Y,Y,2026-12-23T09:30:00Z
VAR3-R007-PASS,213800MELBOURNEF481039,IRSFIXFLT002,NEWT,2026-12-24,2026-12-24T09:00:00Z,Swap,IR,213800MELBOURNEFI001,549300TOKYOBANKCORP1,816500,USD,2031-12-23,Y,Y,2026-12-24T09:30:00Z
VAR3-R007-FAIL,213800MELBOURNEF481042,IRSFIXFLT002,NEWT,2026-12-25,2026-12-25T09:00:00Z,Swap,IR,213800MELBOURNEFI001,549300TOKYOBANKCORP1,816500,USD,2031/12/24,Y,Y,2026-12-25T09:30:00Z
VAR3-R008-PASS,213800MELBOURNEF481045,IRSOISUSD001,NEWT,2026-12-28,2026-12-28T09:00:00Z,Swap,IR,213800MELBOURNEFI001,549300TOKYOBANKCORP1,826000,USD,2031-12-27,Y,Y,2026-12-28T09:30:00Z
VAR3-R008-FAIL,213800MELBOURNEF481048,IRSOISUSD001,NEWT,2026-12-29,2026-12-29T09:00:00Z,Swap,IR,213800MELBOURNEFI001,549300TOKYOBANKCORP1,826000,USD,2023-12-30,Y,Y,2026-12-29T09:30:00Z
VAR3-R009-PASS,213800MELBOURNEF481051,IRSOISUSD001,NEWT,2026-12-30,2026-12-30T09:00:00Z,Swap,IR,213800MELBOURNEFI001,549300TOKYOBANKCORP1,835500,USD,2031-12-29,Y,Y,2026-12-30T09:30:00Z
VAR3-R009-FAIL,213800MELBOURNEF481054,IRSOISUSD001,NEWT,2026-12-31,2026-12-31T09:00:00Z,Swap,IR,213800MELBOURNEFI001,549300TOKYOBANKCORP1,835500,USD,2031-12-30,Y,Y,31-12-2026 09:30
VAR3-R010-PASS,213800MELBOURNEF481057,IRSFIXFLT002,NEWT,2027-01-01,2027-01-01T09:00:00Z,Swap,IR,213800MELBOURNEFI001,549300TOKYOBANKCORP1,845000,USD,2031-12-31,Y,Y,2027-01-01T09:30:00Z
VAR3-R010-FAIL,213800MELBOURNEF481060,,NEWT,2027-01-04,2027-01-04T09:00:00Z,Swap,IR,213800MELBOURNEFI001,549300TOKYOBANKCORP1,845000,USD,2032-01-03,Y,Y,2027-01-04T09:30:00Z
VAR3-R011-PASS,213800MELBOURNEF481063,IRSFIXFLT001,NEWT,2027-01-05,2027-01-05T09:00:00Z,Swap,IR,213800MELBOURNEFI001,549300TOKYOBANKCORP1,854500,USD,2032-01-04,Y,Y,2027-01-05T09:30:00Z
VAR3-R011-FAIL,213800MELBOURNEF481066,IRSFIXFLT001,NEWT,2027-01-06,2027-01-06T09:00:00Z,Swap,IR,213800MELBOURNEFI001,,854500,USD,2032-01-05,Y,Y,2027-01-06T09:30:00Z
VAR3-R012-PASS,213800MELBOURNEF481069,IRSFIXFLT002,NEWT,2027-01-07,2027-01-07T09:00:00Z,Swap,IR,213800MELBOURNEFI001,549300TOKYOBANKCORP1,864000,USD,2032-01-06,Y,Y,2027-01-07T09:30:00Z
VAR3-R012-FAIL,213800MELBOURNEF481072,IRSFIXFLT002,NEWT,2027-01-08,2027-01-08T09:00:00Z,Swap,IR,213800MELBOURNEFI001,549300TOKYOBANKCORP1,,USD,2032-01-07,Y,Y,2027-01-08T09:30:00Z
VAR3-R013-PASS,213800MELBOURNEF481075,IRSFIXFLT002,NEWT,2027-01-11,2027-01-11T09:00:00Z,Swap,IR,213800MELBOURNEFI001,549300TOKYOBANKCORP1,873500,USD,2032-01-10,Y,Y,2027-01-11T09:30:00Z
VAR3-R013-FAIL,213800MELBOURNEF481078,IRSFIXFLT002,NEWT,2027-01-12,2027-01-12T09:00:00Z,Swap,IR,213800MELBOURNEFI001,549300TOKYOBANKCORP1,873500,,2032-01-11,Y,Y,2027-01-12T09:30:00Z
VAR3-R014-PASS,213800MELBOURNEF481081,IRSOISUSD001,NEWT,2027-01-13,2027-01-13T09:00:00Z,Swap,IR,213800MELBOURNEFI001,549300TOKYOBANKCORP1,883000,USD,2032-01-12,Y,Y,2027-01-13T09:30:00Z
VAR3-R014-FAIL,213800MELBOURNEF481084,IRSOISUSD001,ZZ,2027-01-14,2027-01-14T09:00:00Z,Swap,IR,213800MELBOURNEFI001,549300TOKYOBANKCORP1,883000,USD,2032-01-13,Y,Y,2027-01-14T09:30:00Z
VAR3-R015-PASS,213800MELBOURNEF481087,EQUITYOPT001,NEWT,2027-01-15,2027-01-15T09:00:00Z,Swap,EQ,213800MELBOURNEFI001,549300TOKYOBANKCORP1,892500,USD,2032-01-14,Y,Y,2027-01-15T09:30:00Z
VAR3-R015-FAIL,213800MELBOURNEF481090,EQUITYOPT001,NEWT,2027-01-18,2027-01-18T09:00:00Z,Swap,,213800MELBOURNEFI001,549300TOKYOBANKCORP1,892500,USD,2032-01-17,Y,Y,2027-01-18T09:30:00Z
VAR3-R016-PASS,213800MELBOURNEF481093,IRSFIXFLT002,NEWT,2027-01-19,2027-01-19T09:00:00Z,Swap,IR,213800MELBOURNEFI001,549300TOKYOBANKCORP1,902000,USD,2032-01-18,Y,Y,2027-01-19T09:30:00Z
VAR3-R016-FAIL,213800MELBOURNEF481096,IRSFIXFLT002,NEWT,2027-01-20,2027-01-20T09:00:00Z,Swap,IR,213800MELBOURNEFI001,213800MELBOURNEFI001,902000,USD,2032-01-19,Y,Y,2027-01-20T09:30:00Z
VAR3-R017-PASS,213800MELBOURNEF481099,IRSOISUSD001,NEWT,2027-01-21,2027-01-21T09:00:00Z,Swap,IR,213800MELBOURNEFI001,549300TOKYOBANKCORP1,911500,USD,2032-01-20,Y,Y,2027-01-21T09:30:00Z
VAR3-R017-FAIL,213800MELBOURNEF481102,IRSOISUSD001,NEWT,2027-01-22,2027-01-22T09:00:00Z,Swap,IR,213800MELBOURNEFI001,549300TOKYOBANKCORP1,0,USD,2032-01-21,Y,Y,2027-01-22T09:30:00Z
VAR3-R018-PASS,213800MELBOURNEF481105,IRSOISUSD001,NEWT,2027-01-25,2027-01-25T09:00:00Z,Swap,IR,213800MELBOURNEFI001,549300TOKYOBANKCORP1,921000,USD,2032-01-24,Y,Y,2027-01-25T09:30:00Z
VAR3-R018-FAIL,213800MELBOURNEF481108,IRSOISUSD001,NEWT,2027-01-26,2027-01-26T09:00:00Z,Swap,IR,213800MELBOURNEFI001,549300TOKYOBANKCORP1,921000,USD,2202-01-26,Y,Y,2027-01-26T09:30:00Z
VAR3-R019-PASS,213800MELBOURNEF481111,IRSOISUSD001,NEWT,2027-01-27,2027-01-27T09:00:00Z,Swap,IR,213800MELBOURNEFI001,549300TOKYOBANKCORP1,930500,USD,2032-01-26,Y,Y,2027-01-27T09:30:00Z
VAR3-R019-FAIL,,IRSOISUSD001,NEWT,2027-01-28,2027-01-28T09:00:00Z,Swap,IR,213800MELBOURNEFI001,549300TOKYOBANKCORP1,930500,USD,2032-01-27,Y,Y,2027-01-28T09:30:00Z
VAR3-R020-PASS,213800MELBOURNEF481117,EQUITYOPT001,NEWT,2027-01-29,2027-01-29T09:00:00Z,Swap,EQ,213800MELBOURNEFI001,549300TOKYOBANKCORP1,940000,USD,2032-01-28,Y,Y,2027-01-29T09:30:00Z
VAR3-R020-FAIL,213800MELBOURNEF481120,COMMODSWP001,NEWT,2027-02-01,2027-02-01T09:00:00Z,Option,EQ,213800MELBOURNEFI001,549300TOKYOBANKCORP1,940000,USD,2032-01-31,Y,Y,2027-02-01T09:30:00Z
VAR3-R021-PASS-1-NEWT,213800MELBOURNEF481123,IRSOISUSD001,NEWT,2027-02-02,2027-02-02T09:00:00Z,Swap,IR,213800MELBOURNEFI001,549300TOKYOBANKCORP1,959000,USD,2032-02-01,Y,Y,2027-02-02T09:30:00Z
VAR3-R021-PASS-2-MODI,213800MELBOURNEF481123,IRSOISUSD001,MODI,2027-02-03,2027-02-03T09:00:00Z,Swap,IR,213800MELBOURNEFI001,549300TOKYOBANKCORP1,968500,USD,2032-02-01,Y,Y,2027-02-03T09:30:00Z
VAR3-R022-PASS-1-NEWT,213800MELBOURNEF481126,IRSFIXFLT002,NEWT,2027-02-04,2027-02-04T09:00:00Z,Swap,IR,213800MELBOURNEFI001,549300TOKYOBANKCORP1,968500,USD,2032-02-03,Y,Y,2027-02-04T09:30:00Z
VAR3-R022-PASS-2-CORR,213800MELBOURNEF481126,IRSFIXFLT002,CORR,2027-02-05,2027-02-05T09:00:00Z,Swap,IR,213800MELBOURNEFI001,549300TOKYOBANKCORP1,978000,USD,2032-02-03,Y,Y,2027-02-05T09:30:00Z
VAR3-R023-PASS-1-NEWT,213800MELBOURNEF481129,IRSFIXFLT001,NEWT,2027-02-08,2027-02-08T09:00:00Z,Swap,IR,213800MELBOURNEFI001,549300TOKYOBANKCORP1,978000,USD,2032-02-07,Y,Y,2027-02-08T09:30:00Z
VAR3-R023-PASS-2-MODI,213800MELBOURNEF481129,IRSFIXFLT001,MODI,2027-02-09,2027-02-09T09:00:00Z,Swap,IR,213800MELBOURNEFI001,549300TOKYOBANKCORP1,987500,USD,2032-02-07,Y,Y,2027-02-09T09:30:00Z
VAR3-R023-PASS-3-MODI,213800MELBOURNEF481129,IRSFIXFLT001,MODI,2027-02-10,2027-02-10T09:00:00Z,Swap,IR,213800MELBOURNEFI001,549300TOKYOBANKCORP1,997000,USD,2032-02-07,Y,Y,2027-02-10T09:30:00Z
VAR3-R023-PASS-4-CORR,213800MELBOURNEF481129,IRSFIXFLT001,CORR,2027-02-11,2027-02-11T09:00:00Z,Swap,IR,213800MELBOURNEFI001,549300TOKYOBANKCORP1,1006500,USD,2032-02-07,Y,Y,2027-02-11T09:30:00Z
VAR3-R024-FAIL-ORPHAN-MODI,213800MELBOURNEF481132,IRSFIXFLT002,MODI,2027-02-12,2027-02-12T09:00:00Z,Swap,IR,213800MELBOURNEFI001,549300TOKYOBANKCORP1,978000,USD,2032-02-11,Y,Y,2027-02-12T09:30:00Z
VAR3-R025-FAIL-1-NEWT,213800MELBOURNEF481135,IRSFIXFLT002,NEWT,2027-02-15,2027-02-15T09:00:00Z,Swap,IR,213800MELBOURNEFI001,549300TOKYOBANKCORP1,987500,USD,2032-02-14,Y,Y,2027-02-15T09:30:00Z
VAR3-R025-FAIL-2-NEWT-DUP,213800MELBOURNEF481135,IRSFIXFLT002,NEWT,2027-02-16,2027-02-16T09:00:00Z,Swap,IR,213800MELBOURNEFI001,549300TOKYOBANKCORP1,987500,USD,2032-02-14,Y,Y,2027-02-16T09:30:00Z
VAR3-R026-PASS,213800MELBOURNEF481138,IRSFIXFLT001,NEWT,2027-02-17,2027-02-17T09:00:00Z,Swap,IR,213800MELBOURNEFI001,549300TOKYOBANKCORP1,997000,USD,2032-02-16,Y,Y,2027-02-17T09:30:00Z
VAR3-R026-WARN,213800MELBOURNEF481141,IRSFIXFLT001,NEWT,2027-02-18,2027-02-18T09:00:00Z,Swap,IR,529900RENEWALDUE0266,549300TOKYOBANKCORP1,759500,USD,2032-02-17,Y,Y,2027-02-18T09:30:00Z
VAR3-R027-PASS,213800MELBOURNEF481144,IRSOISUSD001,NEWT,2027-02-19,2027-02-19T09:00:00Z,Swap,IR,213800MELBOURNEFI001,549300TOKYOBANKCORP1,1006500,USD,2032-02-18,Y,Y,2027-02-19T09:30:00Z
VAR3-R027-WARN,213800MELBOURNEF481147,IRSOISUSD001,NEWT,2027-02-22,2027-02-22T09:00:00Z,Swap,IR,213800MELBOURNEFI001,788500LAPSEDLEI00142,759500,USD,2032-02-21,Y,Y,2027-02-22T09:30:00Z
VAR3-R028-PASS,213800MELBOURNEF481150,IRSOISUSD001,NEWT,2027-02-23,2027-02-23T09:00:00Z,Swap,IR,213800MELBOURNEFI001,549300TOKYOBANKCORP1,1016000,USD,2032-02-22,Y,Y,2027-02-23T09:30:00Z
VAR3-R028-WARN,213800MELBOURNEF481153,IRSOISUSD001,NEWT,2027-02-24,2027-02-24T09:00:00Z,Swap,IR,213800MELBOURNEFI001,549300TOKYOBANKCORP1,675000000,USD,2032-02-23,Y,Y,2027-02-24T09:30:00Z
VAR3-R029-PASS,213800MELBOURNEF481156,IRSFIXFLT002,NEWT,2027-02-25,2027-02-25T09:00:00Z,Swap,IR,213800MELBOURNEFI001,549300TOKYOBANKCORP1,1025500,USD,2032-02-24,Y,Y,2027-02-25T09:30:00Z
VAR3-R029-WARN,213800MELBOURNEF481159,IRSFIXFLT002,NEWT,2027-02-26,2027-02-26T09:00:00Z,Swap,IR,213800MELBOURNEFI001,549300TOKYOBANKCORP1,759500,DEM,2032-02-25,Y,Y,2027-02-26T09:30:00Z
VAR3-R030-PASS,213800MELBOURNEF481162,IRSFIXFLT002,NEWT,2027-03-01,2027-03-01T09:00:00Z,Swap,IR,213800MELBOURNEFI001,549300TOKYOBANKCORP1,1035000,USD,2032-02-28,Y,Y,2027-03-01T09:30:00Z
VAR3-R030-WARN,213800MELBOURNEF481165,OTHEXOTIC001,NEWT,2027-03-02,2027-03-02T09:00:00Z,Swap,OT,213800MELBOURNEFI001,549300TOKYOBANKCORP1,759500,USD,2032-02-29,Y,Y,2027-03-02T09:30:00Z
VAR3-R031-PASS,213800MELBOURNEF481168,IRSOISUSD001,NEWT,2027-03-03,2027-03-03T09:00:00Z,Swap,IR,213800MELBOURNEFI001,549300TOKYOBANKCORP1,1044500,USD,2032-03-01,Y,Y,2027-03-03T09:30:00Z
VAR3-R031-WARN,213800MELBOURNEF481171,IRSOISUSD001,NEWT,2027-03-04,2027-03-04T09:00:00Z,Swap,IR,213800MELBOURNEFI001,549300TOKYOBANKCORP1,759500,USD,2032-03-02,Y,Y,2027-03-07T09:30:00Z
VAR3-BASE-0001,213800MELBOURNEF481174,CREDITCDS001,NEWT,2027-03-05,2027-03-05T09:00:00Z,Swap,CR,549300TOKYOBANKCORP1,213800MELBOURNEFI001,782285.0,EUR,2032-03-03,Y,Y,2027-03-05T09:30:00Z
VAR3-BASE-0002,213800MELBOURNEF481177,EQUITYSWP001,NEWT,2027-03-08,2027-03-08T09:00:00Z,Swap,EQ,213800MELBOURNEFI001,549300TOKYOBANKCORP1,815140.0,GBP,2032-03-06,Y,Y,2027-03-08T09:30:00Z
VAR3-BASE-0003,213800MELBOURNEF481180,FXFWDUSDEUR1,NEWT,2027-03-09,2027-03-09T09:00:00Z,Swap,CU,549300TOKYOBANKCORP1,213800MELBOURNEFI001,848565.0,JPY,2032-03-07,Y,Y,2027-03-09T09:30:00Z
VAR3-BASE-0004,213800MELBOURNEF481183,COMMODSWP002,NEWT,2027-03-10,2027-03-10T09:00:00Z,Swap,CO,213800MELBOURNEFI001,549300TOKYOBANKCORP1,882560.0,CHF,2032-03-08,Y,Y,2027-03-10T09:30:00Z
VAR3-BASE-0005,213800MELBOURNEF481186,IRSOISUSD001,NEWT,2027-03-11,2027-03-11T09:00:00Z,Swap,IR,549300TOKYOBANKCORP1,213800MELBOURNEFI001,917125.0,SGD,2032-03-09,Y,Y,2027-03-11T09:30:00Z
VAR3-BASE-0006,213800MELBOURNEF481189,CREDITCDS002,NEWT,2027-03-12,2027-03-12T09:00:00Z,Swap,CR,213800MELBOURNEFI001,549300TOKYOBANKCORP1,952260.0,HKD,2032-03-10,Y,Y,2027-03-12T09:30:00Z
VAR3-BASE-0007,213800MELBOURNEF481192,EQUITYOPT001,NEWT,2027-03-15,2027-03-15T09:00:00Z,Swap,EQ,549300TOKYOBANKCORP1,213800MELBOURNEFI001,816500.0,USD,2032-03-13,Y,Y,2027-03-15T09:30:00Z
VAR3-BASE-0008,213800MELBOURNEF481195,FXFWDUSDEUR1,NEWT,2027-03-17,2027-03-17T09:00:00Z,Swap,CU,213800MELBOURNEFI001,549300TOKYOBANKCORP1,850780.0,EUR,2032-03-15,Y,Y,2027-03-17T09:30:00Z
VAR3-BASE-0009,213800MELBOURNEF481198,COMMODSWP002,NEWT,2027-03-18,2027-03-18T09:00:00Z,Swap,CO,549300TOKYOBANKCORP1,213800MELBOURNEFI001,885630.0,GBP,2032-03-16,Y,Y,2027-03-18T09:30:00Z
VAR3-BASE-0010,213800MELBOURNEF481201,IRSOISUSD001,NEWT,2027-03-22,2027-03-22T09:00:00Z,Swap,IR,213800MELBOURNEFI001,549300TOKYOBANKCORP1,921050.0,JPY,2032-03-20,Y,Y,2027-03-22T09:30:00Z
VAR3-BASE-0011,213800MELBOURNEF481204,CREDITCDS002,NEWT,2027-03-23,2027-03-23T09:00:00Z,Swap,CR,549300TOKYOBANKCORP1,213800MELBOURNEFI001,957040.0,CHF,2032-03-21,Y,Y,2027-03-23T09:30:00Z
VAR3-BASE-0012,213800MELBOURNEF481207,EQUITYSWP001,NEWT,2027-03-24,2027-03-24T09:00:00Z,Swap,EQ,213800MELBOURNEFI001,549300TOKYOBANKCORP1,993600.0,SGD,2032-03-22,Y,Y,2027-03-24T09:30:00Z
VAR3-BASE-0013,213800MELBOURNEF481210,FXFWDGBPUSD1,NEWT,2027-03-25,2027-03-25T09:00:00Z,Swap,CU,549300TOKYOBANKCORP1,213800MELBOURNEFI001,1030730.0,HKD,2032-03-23,Y,Y,2027-03-25T09:30:00Z
VAR3-BASE-0014,213800MELBOURNEF481213,COMMODSWP001,NEWT,2027-03-29,2027-03-29T09:00:00Z,Swap,CO,213800MELBOURNEFI001,549300TOKYOBANKCORP1,883000.0,USD,2032-03-27,Y,Y,2027-03-29T09:30:00Z
VAR3-BASE-0015,213800MELBOURNEF481216,IRSOISUSD001,NEWT,2027-03-30,2027-03-30T09:00:00Z,Swap,IR,549300TOKYOBANKCORP1,213800MELBOURNEFI001,919275.0,EUR,2032-03-28,Y,Y,2027-03-30T09:30:00Z
VAR3-BASE-0016,213800MELBOURNEF481219,CREDITCDS001,NEWT,2027-04-01,2027-04-01T09:00:00Z,Swap,CR,213800MELBOURNEFI001,549300TOKYOBANKCORP1,956120.0,GBP,2032-03-30,Y,Y,2027-04-01T09:30:00Z
VAR3-BASE-0017,213800MELBOURNEF481222,EQUITYOPT001,NEWT,2027-04-02,2027-04-02T09:00:00Z,Swap,EQ,549300TOKYOBANKCORP1,213800MELBOURNEFI001,993535.0,JPY,2032-03-31,Y,Y,2027-04-02T09:30:00Z
VAR3-BASE-0018,213800MELBOURNEF481225,FXFWDGBPUSD1,NEWT,2027-04-05,2027-04-05T09:00:00Z,Swap,CU,213800MELBOURNEFI001,549300TOKYOBANKCORP1,1031520.0,CHF,2032-04-03,Y,Y,2027-04-05T09:30:00Z
VAR3-BASE-0019,213800MELBOURNEF481228,COMMODSWP002,NEWT,2027-04-06,2027-04-06T09:00:00Z,Swap,CO,549300TOKYOBANKCORP1,213800MELBOURNEFI001,1070075.0,SGD,2032-04-04,Y,Y,2027-04-06T09:30:00Z
VAR3-BASE-0020,213800MELBOURNEF481231,IRSOISUSD001,NEWT,2027-04-08,2027-04-08T09:00:00Z,Swap,IR,213800MELBOURNEFI001,549300TOKYOBANKCORP1,1109200.0,HKD,2032-04-06,Y,Y,2027-04-08T09:30:00Z
VAR3-BASE-0021,213800MELBOURNEF481234,CREDITCDS001,NEWT,2027-04-09,2027-04-09T09:00:00Z,Swap,CR,549300TOKYOBANKCORP1,213800MELBOURNEFI001,949500.0,USD,2032-04-07,Y,Y,2027-04-09T09:30:00Z
VAR3-BASE-0022,213800MELBOURNEF481237,EQUITYOPT001,NEWT,2027-04-12,2027-04-12T09:00:00Z,Swap,EQ,213800MELBOURNEFI001,549300TOKYOBANKCORP1,987770.0,EUR,2032-04-10,Y,Y,2027-04-12T09:30:00Z
VAR3-BASE-0023,213800MELBOURNEF481240,FXFWDGBPUSD1,NEWT,2027-04-14,2027-04-14T09:00:00Z,Swap,CU,549300TOKYOBANKCORP1,213800MELBOURNEFI001,1026610.0,GBP,2032-04-12,Y,Y,2027-04-14T09:30:00Z
VAR3-BASE-0024,213800MELBOURNEF481243,COMMODSWP001,NEWT,2027-04-15,2027-04-15T09:00:00Z,Swap,CO,213800MELBOURNEFI001,549300TOKYOBANKCORP1,1066020.0,JPY,2032-04-13,Y,Y,2027-04-15T09:30:00Z
VAR3-BASE-0025,213800MELBOURNEF481246,IRSFIXFLT001,NEWT,2027-04-16,2027-04-16T09:00:00Z,Swap,IR,549300TOKYOBANKCORP1,213800MELBOURNEFI001,1106000.0,CHF,2032-04-14,Y,Y,2027-04-16T09:30:00Z
VAR3-BASE-0026,213800MELBOURNEF481249,CREDITCDS002,NEWT,2027-04-19,2027-04-19T09:00:00Z,Swap,CR,213800MELBOURNEFI001,549300TOKYOBANKCORP1,1146550.0,SGD,2032-04-17,Y,Y,2027-04-19T09:30:00Z
VAR3-BASE-0027,213800MELBOURNEF481252,EQUITYOPT001,NEWT,2027-04-20,2027-04-20T09:00:00Z,Swap,EQ,549300TOKYOBANKCORP1,213800MELBOURNEFI001,1187670.0,HKD,2032-04-18,Y,Y,2027-04-20T09:30:00Z
VAR3-BASE-0028,213800MELBOURNEF481255,FXFWDUSDEUR1,NEWT,2027-04-22,2027-04-22T09:00:00Z,Swap,CU,213800MELBOURNEFI001,549300TOKYOBANKCORP1,1016000.0,USD,2032-04-20,Y,Y,2027-04-22T09:30:00Z
VAR3-BASE-0029,213800MELBOURNEF481258,COMMODSWP001,NEWT,2027-04-23,2027-04-23T09:00:00Z,Swap,CO,549300TOKYOBANKCORP1,213800MELBOURNEFI001,1056265.0,EUR,2032-04-21,Y,Y,2027-04-23T09:30:00Z
VAR3-BASE-0030,213800MELBOURNEF481261,IRSFIXFLT002,NEWT,2027-04-26,2027-04-26T09:00:00Z,Swap,IR,213800MELBOURNEFI001,549300TOKYOBANKCORP1,1097100.0,GBP,2032-04-24,Y,Y,2027-04-26T09:30:00Z
VAR3-BASE-0031,213800MELBOURNEF481264,CREDITCDS001,NEWT,2027-04-27,2027-04-27T09:00:00Z,Swap,CR,549300TOKYOBANKCORP1,213800MELBOURNEFI001,1138505.0,JPY,2032-04-25,Y,Y,2027-04-27T09:30:00Z
VAR3-BASE-0032,213800MELBOURNEF481267,EQUITYSWP001,NEWT,2027-04-29,2027-04-29T09:00:00Z,Swap,EQ,213800MELBOURNEFI001,549300TOKYOBANKCORP1,1180480.0,CHF,2032-04-27,Y,Y,2027-04-29T09:30:00Z
VAR3-BASE-0033,213800MELBOURNEF481270,FXFWDGBPUSD1,NEWT,2027-04-30,2027-04-30T09:00:00Z,Swap,CU,549300TOKYOBANKCORP1,213800MELBOURNEFI001,1223025.0,SGD,2032-04-28,Y,Y,2027-04-30T09:30:00Z
VAR3-BASE-0034,213800MELBOURNEF481273,COMMODSWP001,NEWT,2027-05-03,2027-05-03T09:00:00Z,Swap,CO,213800MELBOURNEFI001,549300TOKYOBANKCORP1,1266140.0,HKD,2032-05-01,Y,Y,2027-05-03T09:30:00Z
VAR3-BASE-0035,213800MELBOURNEF481276,IRSFIXFLT001,NEWT,2027-05-05,2027-05-05T09:00:00Z,Swap,IR,549300TOKYOBANKCORP1,213800MELBOURNEFI001,1082500.0,USD,2032-05-03,Y,Y,2027-05-05T09:30:00Z
VAR3-BASE-0036,213800MELBOURNEF481279,CREDITCDS001,NEWT,2027-05-07,2027-05-07T09:00:00Z,Swap,CR,213800MELBOURNEFI001,549300TOKYOBANKCORP1,1124760.0,EUR,2032-05-05,Y,Y,2027-05-07T09:30:00Z
VAR3-BASE-0037,213800MELBOURNEF481282,EQUITYSWP001,NEWT,2027-05-10,2027-05-10T09:00:00Z,Swap,EQ,549300TOKYOBANKCORP1,213800MELBOURNEFI001,1167590.0,GBP,2032-05-08,Y,Y,2027-05-10T09:30:00Z
VAR3-BASE-0038,213800MELBOURNEF481285,FXFWDUSDEUR1,NEWT,2027-05-11,2027-05-11T09:00:00Z,Swap,CU,213800MELBOURNEFI001,549300TOKYOBANKCORP1,1210990.0,JPY,2032-05-09,Y,Y,2027-05-11T09:30:00Z
VAR3-BASE-0039,213800MELBOURNEF481288,COMMODSWP002,NEWT,2027-05-12,2027-05-12T09:00:00Z,Swap,CO,549300TOKYOBANKCORP1,213800MELBOURNEFI001,1254960.0,CHF,2032-05-10,Y,Y,2027-05-12T09:30:00Z
VAR3-BASE-0040,213800MELBOURNEF481291,IRSFIXFLT002,NEWT,2027-05-14,2027-05-14T09:00:00Z,Swap,IR,213800MELBOURNEFI001,549300TOKYOBANKCORP1,1299500.0,SGD,2032-05-12,Y,Y,2027-05-14T09:30:00Z
VAR3-BASE-0041,213800MELBOURNEF481294,CREDITCDS002,NEWT,2027-05-17,2027-05-17T09:00:00Z,Swap,CR,549300TOKYOBANKCORP1,213800MELBOURNEFI001,1344610.0,HKD,2032-05-15,Y,Y,2027-05-17T09:30:00Z
VAR3-BASE-0042,213800MELBOURNEF481297,EQUITYOPT001,NEWT,2027-05-18,2027-05-18T09:00:00Z,Swap,EQ,213800MELBOURNEFI001,549300TOKYOBANKCORP1,1149000.0,USD,2032-05-16,Y,Y,2027-05-18T09:30:00Z
VAR3-BASE-0043,213800MELBOURNEF481300,FXFWDGBPUSD1,NEWT,2027-05-19,2027-05-19T09:00:00Z,Swap,CU,549300TOKYOBANKCORP1,213800MELBOURNEFI001,1193255.0,EUR,2032-05-17,Y,Y,2027-05-19T09:30:00Z
VAR3-BASE-0044,213800MELBOURNEF481303,COMMODSWP001,NEWT,2027-05-20,2027-05-20T09:00:00Z,Swap,CO,213800MELBOURNEFI001,549300TOKYOBANKCORP1,1238080.0,GBP,2032-05-18,Y,Y,2027-05-20T09:30:00Z
VAR3-BASE-0045,213800MELBOURNEF481306,IRSFIXFLT002,NEWT,2027-05-24,2027-05-24T09:00:00Z,Swap,IR,549300TOKYOBANKCORP1,213800MELBOURNEFI001,1283475.0,JPY,2032-05-22,Y,Y,2027-05-24T09:30:00Z
VAR3-BASE-0046,213800MELBOURNEF481309,CREDITCDS002,NEWT,2027-05-25,2027-05-25T09:00:00Z,Swap,CR,213800MELBOURNEFI001,549300TOKYOBANKCORP1,1329440.0,CHF,2032-05-23,Y,Y,2027-05-25T09:30:00Z
VAR3-BASE-0047,213800MELBOURNEF481312,EQUITYOPT001,NEWT,2027-05-26,2027-05-26T09:00:00Z,Swap,EQ,549300TOKYOBANKCORP1,213800MELBOURNEFI001,1375975.0,SGD,2032-05-24,Y,Y,2027-05-26T09:30:00Z
VAR3-BASE-0048,213800MELBOURNEF481315,FXFWDUSDEUR1,NEWT,2027-05-27,2027-05-27T09:00:00Z,Swap,CU,213800MELBOURNEFI001,549300TOKYOBANKCORP1,1423080.0,HKD,2032-05-25,Y,Y,2027-05-27T09:30:00Z
VAR3-BASE-0049,213800MELBOURNEF481318,COMMODSWP002,NEWT,2027-05-28,2027-05-28T09:00:00Z,Swap,CO,549300TOKYOBANKCORP1,213800MELBOURNEFI001,1215500.0,USD,2032-05-26,Y,Y,2027-05-28T09:30:00Z
VAR3-BASE-0050,213800MELBOURNEF481321,IRSOISUSD001,NEWT,2027-05-31,2027-05-31T09:00:00Z,Swap,IR,213800MELBOURNEFI001,549300TOKYOBANKCORP1,1261750.0,EUR,2032-05-29,Y,Y,2027-05-31T09:30:00Z
VAR3-BASE-0051,213800MELBOURNEF481324,CREDITCDS002,NEWT,2027-06-01,2027-06-01T09:00:00Z,Swap,CR,549300TOKYOBANKCORP1,213800MELBOURNEFI001,1308570.0,GBP,2032-05-30,Y,Y,2027-06-01T09:30:00Z
VAR3-BASE-0052,213800MELBOURNEF481327,EQUITYOPT001,NEWT,2027-06-03,2027-06-03T09:00:00Z,Swap,EQ,213800MELBOURNEFI001,549300TOKYOBANKCORP1,1355960.0,JPY,2032-06-01,Y,Y,2027-06-03T09:30:00Z
VAR3-BASE-0053,213800MELBOURNEF481330,FXFWDGBPUSD1,NEWT,2027-06-04,2027-06-04T09:00:00Z,Swap,CU,549300TOKYOBANKCORP1,213800MELBOURNEFI001,1403920.0,CHF,2032-06-02,Y,Y,2027-06-04T09:30:00Z
VAR3-BASE-0054,213800MELBOURNEF481333,COMMODSWP002,NEWT,2027-06-07,2027-06-07T09:00:00Z,Swap,CO,213800MELBOURNEFI001,549300TOKYOBANKCORP1,1452450.0,SGD,2032-06-05,Y,Y,2027-06-07T09:30:00Z
VAR3-BASE-0055,213800MELBOURNEF481336,IRSOISUSD001,NEWT,2027-06-09,2027-06-09T09:00:00Z,Swap,IR,549300TOKYOBANKCORP1,213800MELBOURNEFI001,1501550.0,HKD,2032-06-07,Y,Y,2027-06-09T09:30:00Z
VAR3-BASE-0056,213800MELBOURNEF481339,CREDITCDS002,NEWT,2027-06-10,2027-06-10T09:00:00Z,Swap,CR,213800MELBOURNEFI001,549300TOKYOBANKCORP1,1282000.0,USD,2032-06-08,Y,Y,2027-06-10T09:30:00Z
VAR3-BASE-0057,213800MELBOURNEF481342,EQUITYSWP001,NEWT,2027-06-11,2027-06-11T09:00:00Z,Swap,EQ,549300TOKYOBANKCORP1,213800MELBOURNEFI001,1330245.0,EUR,2032-06-09,Y,Y,2027-06-11T09:30:00Z
VAR3-BASE-0058,213800MELBOURNEF481345,FXFWDGBPUSD1,NEWT,2027-06-14,2027-06-14T09:00:00Z,Swap,CU,213800MELBOURNEFI001,549300TOKYOBANKCORP1,1379060.0,GBP,2032-06-12,Y,Y,2027-06-14T09:30:00Z
VAR3-BASE-0059,213800MELBOURNEF481348,COMMODSWP002,NEWT,2027-06-15,2027-06-15T09:00:00Z,Swap,CO,549300TOKYOBANKCORP1,213800MELBOURNEFI001,1428445.0,JPY,2032-06-13,Y,Y,2027-06-15T09:30:00Z
VAR3-BASE-0060,213800MELBOURNEF481351,IRSFIXFLT002,NEWT,2027-06-17,2027-06-17T09:00:00Z,Swap,IR,213800MELBOURNEFI001,549300TOKYOBANKCORP1,1478400.0,CHF,2032-06-15,Y,Y,2027-06-17T09:30:00Z
VAR3-BASE-0061,213800MELBOURNEF481354,CREDITCDS001,NEWT,2027-06-21,2027-06-21T09:00:00Z,Swap,CR,549300TOKYOBANKCORP1,213800MELBOURNEFI001,1528925.0,SGD,2032-06-19,Y,Y,2027-06-21T09:30:00Z
VAR3-BASE-0062,213800MELBOURNEF481357,EQUITYSWP001,NEWT,2027-06-23,2027-06-23T09:00:00Z,Swap,EQ,213800MELBOURNEFI001,549300TOKYOBANKCORP1,1580020.0,HKD,2032-06-21,Y,Y,2027-06-23T09:30:00Z
VAR3-BASE-0063,213800MELBOURNEF481360,FXFWDGBPUSD1,NEWT,2027-06-24,2027-06-24T09:00:00Z,Swap,CU,549300TOKYOBANKCORP1,213800MELBOURNEFI001,1348500.0,USD,2032-06-22,Y,Y,2027-06-24T09:30:00Z
VAR3-BASE-0064,213800MELBOURNEF481363,COMMODSWP001,NEWT,2027-06-28,2027-06-28T09:00:00Z,Swap,CO,213800MELBOURNEFI001,549300TOKYOBANKCORP1,1398740.0,EUR,2032-06-26,Y,Y,2027-06-28T09:30:00Z
VAR3-BASE-0065,213800MELBOURNEF481366,IRSFIXFLT001,NEWT,2027-06-29,2027-06-29T09:00:00Z,Swap,IR,549300TOKYOBANKCORP1,213800MELBOURNEFI001,1449550.0,GBP,2032-06-27,Y,Y,2027-06-29T09:30:00Z
VAR3-BASE-0066,213800MELBOURNEF481369,CREDITCDS001,NEWT,2027-07-01,2027-07-01T09:00:00Z,Swap,CR,213800MELBOURNEFI001,549300TOKYOBANKCORP1,1500930.0,JPY,2032-06-29,Y,Y,2027-07-01T09:30:00Z
VAR3-BASE-0067,213800MELBOURNEF481372,EQUITYSWP001,NEWT,2027-07-02,2027-07-02T09:00:00Z,Swap,EQ,549300TOKYOBANKCORP1,213800MELBOURNEFI001,1552880.0,CHF,2032-06-30,Y,Y,2027-07-02T09:30:00Z
VAR3-BASE-0068,213800MELBOURNEF481375,FXFWDUSDEUR1,NEWT,2027-07-05,2027-07-05T09:00:00Z,Swap,CU,213800MELBOURNEFI001,549300TOKYOBANKCORP1,1605400.0,SGD,2032-07-03,Y,Y,2027-07-05T09:30:00Z
VAR3-BASE-0069,213800MELBOURNEF481378,COMMODSWP002,NEWT,2027-07-06,2027-07-06T09:00:00Z,Swap,CO,549300TOKYOBANKCORP1,213800MELBOURNEFI001,1658490.0,HKD,2032-07-04,Y,Y,2027-07-06T09:30:00Z
VAR3-BASE-0070,213800MELBOURNEF481381,IRSFIXFLT001,NEWT,2027-07-07,2027-07-07T09:00:00Z,Swap,IR,213800MELBOURNEFI001,549300TOKYOBANKCORP1,1415000.0,USD,2032-07-05,Y,Y,2027-07-07T09:30:00Z
VAR3-BASE-0071,213800MELBOURNEF481384,CREDITCDS001,NEWT,2027-07-08,2027-07-08T09:00:00Z,Swap,CR,549300TOKYOBANKCORP1,213800MELBOURNEFI001,1467235.0,EUR,2032-07-06,Y,Y,2027-07-08T09:30:00Z
VAR3-BASE-0072,213800MELBOURNEF481387,EQUITYOPT001,NEWT,2027-07-09,2027-07-09T09:00:00Z,Swap,EQ,213800MELBOURNEFI001,549300TOKYOBANKCORP1,1520040.0,GBP,2032-07-07,Y,Y,2027-07-09T09:30:00Z
VAR3-BASE-0073,213800MELBOURNEF481390,FXFWDGBPUSD1,NEWT,2027-07-12,2027-07-12T09:00:00Z,Swap,CU,549300TOKYOBANKCORP1,213800MELBOURNEFI001,1573415.0,JPY,2032-07-10,Y,Y,2027-07-12T09:30:00Z
VAR3-BASE-0074,213800MELBOURNEF481393,COMMODSWP001,NEWT,2027-07-13,2027-07-13T09:00:00Z,Swap,CO,213800MELBOURNEFI001,549300TOKYOBANKCORP1,1627360.0,CHF,2032-07-11,Y,Y,2027-07-13T09:30:00Z
VAR3-BASE-0075,213800MELBOURNEF481396,IRSOISUSD001,NEWT,2027-07-15,2027-07-15T09:00:00Z,Swap,IR,549300TOKYOBANKCORP1,213800MELBOURNEFI001,1681875.0,SGD,2032-07-13,Y,Y,2027-07-15T09:30:00Z
VAR3-BASE-0076,213800MELBOURNEF481399,CREDITCDS002,NEWT,2027-07-16,2027-07-16T09:00:00Z,Swap,CR,213800MELBOURNEFI001,549300TOKYOBANKCORP1,1736960.0,HKD,2032-07-14,Y,Y,2027-07-16T09:30:00Z
VAR3-BASE-0077,213800MELBOURNEF481402,EQUITYSWP001,NEWT,2027-07-19,2027-07-19T09:00:00Z,Swap,EQ,549300TOKYOBANKCORP1,213800MELBOURNEFI001,1481500.0,USD,2032-07-17,Y,Y,2027-07-19T09:30:00Z
VAR3-BASE-0078,213800MELBOURNEF481405,FXFWDUSDEUR1,NEWT,2027-07-21,2027-07-21T09:00:00Z,Swap,CU,213800MELBOURNEFI001,549300TOKYOBANKCORP1,1535730.0,EUR,2032-07-19,Y,Y,2027-07-21T09:30:00Z
VAR3-BASE-0079,213800MELBOURNEF481408,COMMODSWP002,NEWT,2027-07-23,2027-07-23T09:00:00Z,Swap,CO,549300TOKYOBANKCORP1,213800MELBOURNEFI001,1590530.0,GBP,2032-07-21,Y,Y,2027-07-23T09:30:00Z
VAR3-BASE-0080,213800MELBOURNEF481411,IRSOISUSD001,NEWT,2027-07-26,2027-07-26T09:00:00Z,Swap,IR,213800MELBOURNEFI001,549300TOKYOBANKCORP1,1645900.0,JPY,2032-07-24,Y,Y,2027-07-26T09:30:00Z
VAR3-BASE-0081,213800MELBOURNEF481414,CREDITCDS002,NEWT,2027-07-27,2027-07-27T09:00:00Z,Swap,CR,549300TOKYOBANKCORP1,213800MELBOURNEFI001,1701840.0,CHF,2032-07-25,Y,Y,2027-07-27T09:30:00Z
VAR3-BASE-0082,213800MELBOURNEF481417,EQUITYOPT001,NEWT,2027-07-28,2027-07-28T09:00:00Z,Swap,EQ,213800MELBOURNEFI001,549300TOKYOBANKCORP1,1758350.0,SGD,2032-07-26,Y,Y,2027-07-28T09:30:00Z
VAR3-BASE-0083,213800MELBOURNEF481420,FXFWDUSDEUR1,NEWT,2027-07-29,2027-07-29T09:00:00Z,Swap,CU,549300TOKYOBANKCORP1,213800MELBOURNEFI001,1815430.0,HKD,2032-07-27,Y,Y,2027-07-29T09:30:00Z
VAR3-BASE-0084,213800MELBOURNEF481423,COMMODSWP002,NEWT,2027-07-30,2027-07-30T09:00:00Z,Swap,CO,213800MELBOURNEFI001,549300TOKYOBANKCORP1,1548000.0,USD,2032-07-28,Y,Y,2027-07-30T09:30:00Z
VAR3-BASE-0085,213800MELBOURNEF481426,IRSFIXFLT002,NEWT,2027-08-02,2027-08-02T09:00:00Z,Swap,IR,549300TOKYOBANKCORP1,213800MELBOURNEFI001,1604225.0,EUR,2032-07-31,Y,Y,2027-08-02T09:30:00Z
VAR3-BASE-0086,213800MELBOURNEF481429,CREDITCDS001,NEWT,2027-08-04,2027-08-04T09:00:00Z,Swap,CR,213800MELBOURNEFI001,549300TOKYOBANKCORP1,1661020.0,GBP,2032-08-02,Y,Y,2027-08-04T09:30:00Z
VAR3-BASE-0087,213800MELBOURNEF481432,EQUITYOPT001,NEWT,2027-08-05,2027-08-05T09:00:00Z,Swap,EQ,549300TOKYOBANKCORP1,213800MELBOURNEFI001,1718385.0,JPY,2032-08-03,Y,Y,2027-08-05T09:30:00Z
